metric,ratio
mean_accuracy,0.9111111111111113
mean_accept_rate,0.9523208526153415
delta_knowledge,0.964026499558354
