metric,ratio
mean_accuracy,0.6766917293233082
mean_accept_rate,0.7478070175438596
delta_knowledge,1.1182633216949227
