baseline,paired_delta_accuracy,paired_delta_accept_rate,paired_n
linucb,0.39249999999999996,0.07491666666666665,16
als,0.005000000000000015,-0.06683333333333336,16
fixed,0.33875,0.06866666666666665,16
