metric,ratio
mean_accuracy,0.8177777777777778
mean_accept_rate,0.8576637217781518
delta_knowledge,1.0795563507644503
