baseline,paired_delta_accuracy,paired_delta_accept_rate,paired_n
linucb,0.4275,0.07991666666666664,16
als,0.040000000000000015,-0.061833333333333365,16
fixed,0.40750000000000003,0.07516666666666663,16
