metric,ratio
mean_accuracy,0.983703703703704
mean_accept_rate,1.0077128032534006
delta_knowledge,1.0578978800974024
