metric,ratio
mean_accuracy,0.643609022556391
mean_accept_rate,0.6902412280701753
delta_knowledge,1.2266159820972022
