baseline,paired_delta_accuracy,paired_delta_accept_rate,paired_n
linucb,0.36750000000000005,0.07524999999999998,16
als,0.26749999999999996,0.028499999999999984,16
fixed,0.39125,0.07224999999999998,16
