metric,ratio
mean_accuracy,0.6601503759398495
mean_accept_rate,0.7286184210526315
delta_knowledge,1.1718599476928555
